0,0,0.74000001,0,0,0,1,0.00982977264,0.000156133072,0.00415318366,-0.0169182234,0.00765822176,-5.03088995e-05,0.00982977264,-0.000156133072,-0.00415318366,-0.0169182234,0.00765822176,5.03088995e-05,0,0,0,0,0,0,0,0,0,0,0,0
0,0,0.73949039,0,0,0,1,-0.028091982,-0.000452582957,-0.0118628331,0.0487618484,-0.0241471566,0.000160127733,-0.028091982,0.000452582957,0.0118628331,0.0487618484,-0.0241471585,-0.000160127733,0,0,0,0,0,0,0,0,0,0,0,0
0,0,0.738056302,0,0,0,1,-0.0791587979,-0.00219617179,-0.0333455019,0.137300745,-0.066203624,0.000529701705,-0.0791587979,0.00219617179,0.0333455019,0.137300745,-0.066203624,-0.000529701705,0,0,0,0,0,0,0,0,0,0,0,0
0,0,0.735840023,0,0,0,1,-0.135217085,-0.00479932828,-0.0568402335,0.234653562,-0.112161189,0.00100350182,-0.135217085,0.00479932828,0.0568402335,0.234653562,-0.112161189,-0.00100350182,0,0,0,0,0,0,0,0,0,0,0,0
0,0,0.732983708,0,0,0,1,-0.188234836,-0.00798637327,-0.078939788,0.326990038,-0.155773014,0.00152716669,-0.188234836,0.00798637327,0.078939788,0.326990038,-0.155773014,-0.00152716669,0,0,0,0,0,0,0,0,0,0,0,0
0,0,0.729629636,0,0,0,1,-0.221268505,-0.0113458531,-0.0924799442,0.385130495,-0.183827624,0.00200101011,-0.221268505,0.0113458531,0.0924799442,0.385130495,-0.183827624,-0.00200101011,0,0,0,0,0,0,0,0,0,0,0,0
0,0,0.725920022,0,0,0,1,-0.25666973,-0.0150908008,-0.106904015,0.447521329,-0.213727936,0.00252629141,-0.25666973,0.0150908008,0.106904015,0.447521329,-0.213727936,-0.00252629141,0,0,0,0,0,0,0,0,0,0,0,0
0,0,0.721997023,0,0,0,1,-0.289259672,-0.0190075003,-0.120040864,0.505202353,-0.241390049,0.00306362309,-0.289259672,0.0190075003,0.120040864,0.505202353,-0.241390049,-0.00306362309,0,0,0,0,0,0,0,0,0,0,0,0
0,0,0.718002975,0,0,0,1,-0.31889981,-0.0229602065,-0.131855726,0.557882071,-0.26666835,0.00359871401,-0.31889981,0.0229602065,0.131855726,0.557882071,-0.26666835,-0.00359871401,0,0,0,0,0,0,0,0,0,0,0,0
0,0,0.714079976,0,0,0,1,-0.345441043,-0.0268149506,-0.142316923,0.605242789,-0.28940469,0.00411670841,-0.345441043,0.0268149506,0.142316923,0.605242789,-0.28940469,-0.00411670841,0,0,0,0,0,0,0,0,0,0,0,0
0,0,0.710370362,0,0,0,1,-0.368708581,-0.0304388627,-0.151388064,0.646916151,-0.309417695,0.00460204855,-0.368708581,0.0304388627,0.151388064,0.646916151,-0.309417695,-0.00460204855,0,0,0,0,0,0,0,0,0,0,0,0
0,0,0.707016289,0,0,0,1,-0.38849467,-0.0336999111,-0.159023672,0.68247205,-0.326497465,0.00503845559,-0.38849467,0.0336999111,0.159023672,0.68247205,-0.326497465,-0.00503845559,0,0,0,0,0,0,0,0,0,0,0,0
0,0,0.704159975,0,0,0,1,-0.404549181,-0.0364665277,-0.165163681,0.711404383,-0.340398192,0.00540897017,-0.404549181,0.0364665277,0.165163681,0.711404383,-0.340398192,-0.00540897017,0,0,0,0,0,0,0,0,0,0,0,0
0,0,0.701943696,0,0,0,1,-0.416338533,-0.0385529473,-0.169645339,0.732620955,-0.350555688,0.00567734707,-0.415175974,0.0383596569,0.169199362,0.730777323,-0.349802434,-0.00567433098,0,0,0,0,0,0,0,0,0,0,0,0
0,0,0.700509608,0,0,0,1,-0.423531532,-0.0398455672,-0.172369093,0.745525241,-0.356703818,0.00583475037,-0.420821518,0.0393678807,0.171342731,0.741238296,-0.354968697,-0.00582635636,0,0,0,0,0,0,0,0,0,0,0,0
0,0,0.699999988,0,0,0,1,-0.426639229,-0.0404547267,-0.173524067,0.751358151,-0.359606951,0.00594705623,-0.427372545,0.040475294,0.173857942,0.752578259,-0.360178918,-0.00594502501,0,0,0,0,0,0,0,0,0,0,0,0
0.00021593344,6.74792027e-05,0.699999988,0,0,0,1,-0.426703721,-0.0406294763,-0.173481628,0.752464592,-0.360623717,0.00611815182,-0.442656934,0.0431709923,0.1796709,0.777866721,-0.371113479,-0.00615701545,0,0,0,0,0,0,0,0,0,0,0,0
0.000845924835,0.000264351518,0.699999988,0,0,0,1,-0.424936175,-0.0406601615,-0.172671989,0.751474321,-0.361234367,0.00645288965,-0.473123789,0.0489430539,0.191055149,0.827855051,-0.392334819,-0.00659219502,0,0,0,0,0,0,0,0,0,0,0,0
0.00186326075,0.000582268985,0.699999988,0,0,0,1,-0.42229262,-0.0407686494,-0.171438202,0.750377238,-0.362522066,0.00701969489,-0.521104574,0.05876109,0.208581373,0.906338871,-0.425220549,-0.00733942538,0,0,0,0,0,0,0,0,0,0,0,0
0.00324122771,0.00101288361,0.699999988,0,0,0,1,-0.418969005,-0.0409857333,-0.169859037,0.749462843,-0.364593297,0.00781283621,-0.582665384,0.0725547969,0.2303451,1.0065037,-0.466367036,-0.00840189308,0,0,0,0,0,0,0,0,0,0,0,0
0.00495311245,0.00154784764,0.699999988,0,0,0,1,-0.41481328,-0.0412593856,-0.167890757,0.748275936,-0.367141187,0.00879852846,-0.652145922,0.0898109451,0.253777564,1.11848629,-0.510962486,-0.00974936038,0,0,0,0,0,0,0,0,0,0,0,0
0.00697220117,0.00217881287,0.699999988,0,0,0,1,-0.409873575,-0.04158796,-0.165560141,0.746802986,-0.370109946,0.00996161904,-0.726340532,0.11019659,0.27730298,1.23638523,-0.555928588,-0.0113738654,0,0,0,0,0,0,0,0,0,0,0,0
0.00927178096,0.00289743161,0.699999988,0,0,0,1,-0.404197067,-0.0419701412,-0.162893772,0.745028496,-0.373442799,0.0112869861,-0.803039312,0.133324832,0.29980588,1.3558104,-0.598856151,-0.0132675348,0,0,0,0,0,0,0,0,0,0,0,0
0.0118251387,0.00369535573,0.699999988,0,0,0,1,-0.397830904,-0.0424048193,-0.159918338,0.742936492,-0.377082616,0.0127595272,-0.880749285,0.158766061,0.320527464,1.47342479,-0.637805343,-0.015419486,0,0,0,0,0,0,0,0,0,0,0,0
0.0146055594,0.00456423732,0.699999988,0,0,0,1,-0.390822649,-0.0428910293,-0.156660736,0.740511835,-0.380972445,0.014364155,-0.958440185,0.186054349,0.338971198,1.58656478,-0.67115593,-0.0178108737,0,0,0,0,0,0,0,0,0,0,0,0
0.0175863318,0.00549572846,0.699999988,0,0,0,1,-0.38322109,-0.0434278361,-0.153148219,0.737741053,-0.385056347,0.0160857867,-1.03534925,0.214685604,0.354837894,1.69300175,-0.697542608,-0.0204075109,0,0,0,0,0,0,0,0,0,0,0,0
0.02074074,0.00648148125,0.699999988,0,0,0,1,-0.375076681,-0.0440142415,-0.149408564,0.734613895,-0.389279574,0.017909335,-1.11081958,0.244106486,0.367987841,1.79080844,-0.715864897,-0.0231497847,0,0,0,0,0,0,0,0,0,0,0,0
0.0240420736,0.00751314778,0.699999988,0,0,0,1,-0.366442055,-0.0446490422,-0.145470157,0.731123984,-0.393589497,0.0198196936,-1.18415534,0.273697197,0.378425658,1.87829506,-0.72535485,-0.0259407796,0,0,0,0,0,0,0,0,0,0,0,0
0.0274636168,0.0085823806,0.699999988,0,0,0,1,-0.357372463,-0.0453307256,-0.141362056,0.727269769,-0.397935659,0.0218017306,-1.25449133,0.302756399,0.386302471,1.95399773,-0.725680172,-0.0286356881,0,0,0,0,0,0,0,0,0,0,0,0
0.0309786573,0.00968082994,0.699999988,0,0,0,1,-0.34792608,-0.0460573509,-0.137114033,0.723055243,-0.402270496,0.0238402802,-1.32069862,0.33050108,0.391925722,2.01670337,-0.717047513,-0.0310382228,0,0,0,0,0,0,0,0,0,0,0,0
0.0345604792,0.0108001502,0.699999988,0,0,0,1,-0.338164419,-0.0468263924,-0.132756695,0.718490779,-0.406549543,0.025920121,-1.38135898,0.356093824,0.395759821,2.06550074,-0.700255275,-0.0329109281,0,0,0,0,0,0,0,0,0,0,0,0
0.0381823741,0.0119319921,0.699999988,0,0,0,1,-0.328152478,-0.0476346426,-0.128321379,0.713593602,-0.410731882,0.0280259699,-1.43484592,0.37870124,0.398397177,2.0998404,-0.67664659,-0.0340038426,0,0,0,0,0,0,0,0,0,0,0,0
0.0418176241,0.0130680082,0.699999988,0,0,0,1,-0.31795904,-0.0484780818,-0.123840287,0.708388388,-0.414780378,0.0301424712,-1.47951698,0.397574335,0.400488317,2.11958075,-0.647940636,-0.0340987854,0,0,0,0,0,0,0,0,0,0,0,0
0.045439519,0.0141998501,0.699999988,0,0,0,1,-0.307656795,-0.0493517742,-0.11934641,0.702907741,-0.418662041,0.0322541855,-1.5139817,0.412129968,0.402638733,2.12500691,-0.615968466,-0.0330576673,0,0,0,0,0,0,0,0,0,0,0,0
0.0490213446,0.0153191695,0.699999988,0,0,0,1,-0.297322541,-0.0502497815,-0.114873536,0.69719249,-0.422348142,0.0343455896,-1.53736269,0.422011197,0.405300379,2.11681008,-0.582389951,-0.0308580734,0,0,0,0,0,0,0,0,0,0,0,0
0.0525363833,0.0164176188,0.699999988,0,0,0,1,-0.287037253,-0.0511650853,-0.110456221,0.691292107,-0.42581445,0.036401052,-1.54946804,0.427114576,0.408694744,2.09603643,-0.548478425,-0.0276024919,0,0,0,0,0,0,0,0,0,0,0,0
0.0559579246,0.0174868517,0.699999988,0,0,0,1,-0.276886076,-0.0520895459,-0.106129803,0.685264826,-0.429041326,0.0384048447,-1.55082154,0.42758593,0.412794322,2.06402326,-0.515035212,-0.023498008,0,0,0,0,0,0,0,0,0,0,0,0
0.0592592582,0.0185185187,0.699999988,0,0,0,1,-0.266958416,-0.0530138873,-0.101930313,0.679177403,-0.432013661,0.0403411426,-1.54256296,0.423794359,0.417364329,2.02234125,-0.482438952,-0.0188149661,0,0,0,0,0,0,0,0,0,0,0,0
0.0624136701,0.0195042714,0.699999988,0,0,0,1,-0.257347703,-0.0539277084,-0.0978944898,0.673105419,-0.434720993,0.0421940088,-1.52626801,0.416295618,0.422046006,1.97275412,-0.450786352,-0.0138397356,0,0,0,0,0,0,0,0,0,0,0,0
0.0653944388,0.0204357617,0.699999988,0,0,0,1,-0.248151377,-0.0548195206,-0.0940597057,0.667132616,-0.437157035,0.0439474136,-1.50375652,0.405791581,0.426451832,1.91719937,-0.420064539,-0.00883555133,0,0,0,0,0,0,0,0,0,0,0,0
0.0681748614,0.0213046446,0.699999988,0,0,0,1,-0.239470437,-0.055676844,-0.0904639214,0.66135031,-0.43931964,0.0455852412,-1.47693563,0.393088549,0.430247754,1.85778069,-0.390302479,-0.00401896704,0,0,0,0,0,0,0,0,0,0,0,0
0.07072822,0.0221025683,0.699999988,0,0,0,1,-0.231409088,-0.0564863384,-0.0871456042,0.65585655,-0.441210121,0.0470912978,-1.44769728,0.379056036,0.433209062,1.79676175,-0.361675888,0.000447665778,0,0,0,0,0,0,0,0,0,0,0,0
0.073027797,0.022821188,0.699999988,0,0,0,1,-0.224074155,-0.0572339706,-0.0841436014,0.650754869,-0.442832679,0.0484493263,-1.41786277,0.364587486,0.435246646,1.73654914,-0.334558517,0.00445185509,0,0,0,0,0,0,0,0,0,0,0,0
0.0750468895,0.0234521516,0.699999988,0,0,0,1,-0.217574239,-0.0579052307,-0.0814970657,0.646152735,-0.444193482,0.0496430323,-1.3891542,0.350562721,0.436407,1.67965209,-0.309525728,0.00792035367,0,0,0,0,0,0,0,0,0,0,0,0
0.0767587721,0.0239871163,0.699999988,0,0,0,1,-0.212018788,-0.0584853925,-0.079245232,0.642159164,-0.445299655,0.0506561026,-1.3631711,0.337811559,0.436850607,1.62860584,-0.287317693,0.0108070383,0,0,0,0,0,0,0,0,0,0,0,0
0.0781367421,0.0244177319,0.699999988,0,0,0,1,-0.207516864,-0.0589598455,-0.0774272531,0.638882577,-0.446157843,0.0514722317,-1.34134936,0.327076703,0.436813295,1.58585012,-0.268770784,0.0130823581,0,0,0,0,0,0,0,0,0,0,0,0
0.0791540742,0.0247356482,0.699999988,0,0,0,1,-0.203331694,-0.059226945,-0.0757769868,0.634794831,-0.445929408,0.0520477109,-1.32540834,0.319218278,0.436594069,1.55427468,-0.254873842,0.0147006139,0,0,0,0,0,0,0,0,0,0,0,0
0.0797840655,0.0249325205,0.699999988,0,0,0,1,-0.200169697,-0.0593124814,-0.0745565817,0.631118715,-0.445180744,0.0523784049,-1.31593561,0.314539462,0.436391681,1.53520143,-0.246302858,0.0156572033,0,0,0,0,0,0,0,0,0,0,0,0
0.0799999982,0.0250000004,0.699999988,0,0,0,1,-0.202076316,-0.0595986322,-0.075235188,0.635550618,-0.447829276,0.0525724515,-1.31109655,0.312174261,0.43617022,1.52646685,-0.242919683,0.016052058,0,0,0,0,0,0,0,0,0,0,0,0
0.0806478038,0.0249325205,0.700404882,0,0,0,1,-0.213917568,-0.0606687963,-0.0795501098,0.657559812,-0.458780408,0.0527994484,-1.30777228,0.310637504,0.435740113,1.52390885,-0.24399969,0.0160423443,0,0,0,0,0,0,0,0,0,0,0,0
0.0825377777,0.0247356482,0.701586127,0,0,0,1,-0.239071757,-0.0631298497,-0.0886470005,0.704041958,-0.481723964,0.0532350056,-1.30272913,0.308389723,0.434860647,1.5229739,-0.24854812,0.0157937873,0,0,0,0,0,0,0,0,0,0,0,0
0.0855897814,0.0244177319,0.703493595,0,0,0,1,-0.277745992,-0.0674041361,-0.102466591,0.776049078,-0.517436922,0.0540012643,-1.29377174,0.304392278,0.433349133,1.52036178,-0.255674809,0.0154299419,0,0,0,0,0,0,0,0,0,0,0,0
0.0897236839,0.0239871163,0.706077278,0,0,0,1,-0.325933069,-0.0735035762,-0.11939051,0.866621196,-0.562606335,0.0551043637,-1.28082085,0.298624724,0.431178391,1.51560819,-0.264990151,0.01497922,0,0,0,0,0,0,0,0,0,0,0,0
0.0948593393,0.0234521516,0.709287107,0,0,0,1,-0.378673315,-0.0811983719,-0.137469515,0.966835797,-0.612859726,0.0564936101,-1.26456141,0.291440904,0.428370476,1.5093081,-0.276316613,0.0144329704,0,0,0,0,0,0,0,0,0,0,0,0
0.100916602,0.022821188,0.713072896,0,0,0,1,-0.432872623,-0.0902246386,-0.155485123,1.07110143,-0.665450215,0.0581275746,-1.24514461,0.2829476,0.424895972,1.5013144,-0.28931731,0.0138072064,0,0,0,0,0,0,0,0,0,0,0,0
0.10781534,0.0221025683,0.717384577,0,0,0,1,-0.486355484,-0.100225031,-0.172624707,1.17532635,-0.718318343,0.05994552,-1.22271919,0.273257643,0.420718104,1.49146676,-0.303640485,0.013117359,0,0,0,0,0,0,0,0,0,0,0,0
0.115475416,0.0213046446,0.722172141,0,0,0,1,-0.53692317,-0.110624984,-0.188221127,1.27603543,-0.772858024,0.0618122071,-1.19743633,0.262491375,0.415795386,1.47960317,-0.318925828,0.012377725,0,0,0,0,0,0,0,0,0,0,0,0
0.123816676,0.0204357617,0.727385402,0,0,0,1,-0.585091412,-0.121350504,-0.202426955,1.37179875,-0.820536971,0.0637478009,-1.16945362,0.250778109,0.410084754,1.46557021,-0.334810823,0.0116010597,0,0,0,0,0,0,0,0,0,0,0,0
0.13275899,0.0195042714,0.73297435,0,0,0,1,-0.631470978,-0.132313743,-0.215466484,1.46140468,-0.854360819,0.0657250807,-1.13893735,0.238256082,0.403544724,1.44923067,-0.350937098,0.010798349,0,0,0,0,0,0,0,0,0,0,0,0
0.142222226,0.0185185187,0.73888886,0,0,0,1,-0.675864279,-0.143219501,-0.227416784,1.54329693,-0.872241914,0.0676116347,-1.10606468,0.225072011,0.39613843,1.43047118,-0.36695683,0.00997871626,0,0,0,0,0,0,0,0,0,0,0,0
0.152126223,0.0174868517,0.745078862,0,0,0,1,-0.717244804,-0.153568447,-0.238213181,1.61560118,-0.872659981,0.0691833794,-1.07102382,0.211379617,0.387836933,1.40920746,-0.382538974,0.00914947502,0,0,0,0,0,0,0,0,0,0,0,0
0.162390858,0.0164176188,0.751494288,0,0,0,1,-0.753780901,-0.162669778,-0.247652858,1.67619002,-0.872659981,0.0701455399,-1.03401423,0.197337493,0.378621966,1.38538849,-0.397375315,0.00831628311,0,0,0,0,0,0,0,0,0,0,0,0
0.172935978,0.0153191695,0.758084953,0,0,0,1,-0.7829054,-0.169664383,-0.255394071,1.72276998,-0.872659981,0.0701618046,-0.995246649,0.183106378,0.36848864,1.35899997,-0.411185622,0.00748338271,0,0,0,0,0,0,0,0,0,0,0,0
0.183681443,0.0141998501,0.764800906,0,0,0,1,-0.804477334,-0.174280167,-0.261711508,1.75479817,-0.872659981,0.0691271871,-0.954941988,0.16884622,0.357447505,1.33006585,-0.423722446,0.00665388955,0,0,0,0,0,0,0,0,0,0,0,0
0.194547117,0.0130680082,0.771591961,0,0,0,1,-0.818344116,-0.176318869,-0.266762167,1.7718842,-0.872659981,0.0669921413,-0.913331509,0.15471293,0.345526338,1.29864991,-0.434774965,0.00583010493,0,0,0,0,0,0,0,0,0,0,0,0
0.205452874,0.0119319921,0.778408051,0,0,0,1,-0.824263573,-0.175629213,-0.270548403,1.77376223,-0.872659981,0.0637747571,-0.870656669,0.140855461,0.332771391,1.26485705,-0.444171697,0.00501383701,0,0,0,0,0,0,0,0,0,0,0,0
0.216318563,0.0108001502,0.785199106,0,0,0,1,-0.822108269,-0.172156662,-0.27295661,1.76041543,-0.872659981,0.059579175,-0.827169955,0.1274129,0.319248199,1.22883451,-0.451782942,0.00420670677,0,0,0,0,0,0,0,0,0,0,0,0
0.227064028,0.00968082994,0.791914999,0,0,0,1,-0.811799347,-0.165927291,-0.273747444,1.73203599,-0.872659981,0.0545792021,-0.783136487,0.11451216,0.305042326,1.19077373,-0.457522303,0.00341042597,0,0,0,0,0,0,0,0,0,0,0,0
0.237609148,0.0085823806,0.798505723,0,0,0,1,-0.792843521,-0.156926438,-0.272446424,1.6887393,-0.872659981,0.0489675663,-0.738836467,0.102265991,0.290259629,1.15091312,-0.461347729,0.00262704631,0,0,0,0,0,0,0,0,0,0,0,0
0.247873783,0.00751314778,0.804921091,0,0,0,1,-0.767703474,-0.146036968,-0.269307017,1.63255525,-0.872659981,0.043133039,-0.694569111,0.0907715708,0.275026977,1.10954297,-0.463262886,0.0018591705,0,0,0,0,0,0,0,0,0,0,0,0
0.25777778,0.00648148125,0.811111093,0,0,0,1,-0.738171458,-0.133990318,-0.264458656,1.56539798,-0.857969761,0.0373925865,-0.650658071,0.0801095292,0.259492755,1.06701183,-0.463318676,0.0011101272,0,0,0,0,0,0,0,0,0,0,0,0
0.267241001,0.00549572846,0.817025602,0,0,0,1,-0.705278397,-0.121323183,-0.257905751,1.4889853,-0.826204658,0.0319672972,-0.607458055,0.0703434572,0.243828103,1.02373576,-0.461615294,0.000384110113,0,0,0,0,0,0,0,0,0,0,0,0
0.276183307,0.00456423732,0.822614551,0,0,0,1,-0.669243813,-0.108347774,-0.249518186,1.40477192,-0.780061126,0.0269723069,-0.565363884,0.0615197979,0.228228629,0.980211318,-0.458305717,-0.000313718163,0,0,0,0,0,0,0,0,0,0,0,0
0.28452459,0.00369535573,0.827827871,0,0,0,1,-0.629466355,-0.0951364264,-0.239016294,1.31390309,-0.725796878,0.0224199053,-0.524820507,0.0536681041,0.212916583,0.937030017,-0.45359993,-0.000977157149,0,0,0,0,0,0,0,0,0,0,0,0
0.292184651,0.00289743161,0.832615435,0,0,0,1,-0.584922314,-0.0816238746,-0.226051822,1.21741915,-0.673169553,0.0182551052,-0.486335129,0.0468017235,0.198143706,0.894896984,-0.447770357,-0.00159893627,0,0,0,0,0,0,0,0,0,0,0,0
0.299083382,0.00217881287,0.836927116,0,0,0,1,-0.537648141,-0.0685489103,-0.21116659,1.11836123,-0.620114386,0.014576124,-0.450489074,0.0409189239,0.184194222,0.854648709,-0.441157341,-0.00217072736,0,0,0,0,0,0,0,0,0,0,0,0
0.305140674,0.00154784764,0.840712905,0,0,0,1,-0.489342421,-0.0564326011,-0.194967538,1.01997769,-0.568219006,0.0114132687,-0.417947441,0.0360047594,0.171386719,0.817267478,-0.434172362,-0.00268321391,0,0,0,0,0,0,0,0,0,0,0,0
0.31027633,0.00101288361,0.843922675,0,0,0,1,-0.442294419,-0.0457698479,-0.178384602,0.926421583,-0.519487798,0.00878736377,-0.389461696,0.0320340358,0.16007328,0.783883035,-0.427295536,-0.00312623987,0,0,0,0,0,0,0,0,0,0,0,0
0.31441021,0.000582268985,0.846506357,0,0,0,1,-0.399528593,-0.0369992554,-0.162726641,0.843010902,-0.476474822,0.00671527302,-0.365858436,0.0289759152,0.150633007,0.755750597,-0.421061575,-0.00348906266,0,0,0,0,0,0,0,0,0,0,0,0
0.317462236,0.000264351518,0.848413885,0,0,0,1,-0.365539074,-0.0306060277,-0.149947211,0.777649522,-0.443013906,0.00524339033,-0.348394185,0.0268444717,0.143613189,0.734666049,-0.416144788,-0.00375492172,0,0,0,0,0,0,0,0,0,0,0,0
0.31935221,6.74792027e-05,0.849595129,0,0,0,1,-0.343674392,-0.0267789587,-0.14157334,0.736031055,-0.421818882,0.00437508849,-0.337747663,0.0256043505,0.139318883,0.72168982,-0.413009614,-0.00391574576,0,0,0,0,0,0,0,0,0,0,0,0
0.319999993,0,0.850000024,0,0,0,1,-0.333298862,-0.0250839945,-0.137539342,0.716450214,-0.411890447,0.00399345346,-0.332918435,0.0250648074,0.13736546,0.715755701,-0.411533833,-0.00398818124,0,0,0,0,0,0,0,0,0,0,0,0
0.319999993,0,0.850000024,0,0,0,1,-0.330946773,-0.0247444753,-0.136603281,0.712071061,-0.409685463,0.00391754089,-0.331894457,0.0249588136,0.136949226,0.714479685,-0.411201209,-0.00400334457,0,0,0,0,0,0,0,0,0,0,0,0
0.319999993,0,0.850000024,0,0,0,1,-0.33199659,-0.0249331314,-0.137002528,0.714076579,-0.410708845,0.00396050932,-0.332410812,0.0250202082,0.137157127,0.715106368,-0.41135034,-0.00399551494,0,0,0,0,0,0,0,0,0,0,0,0
0.319999993,0,0.850000024,0,0,0,1,-0.332782596,-0.025062196,-0.137307361,0.715562284,-0.411462903,0.00398992514,-0.332782656,0.0250622071,0.137307391,0.715562344,-0.411462933,-0.00398992933,0,0,0,0,0,0,0,0,0,0,0,0
0.319999993,0,0.850000024,0,0,0,1,-0.332782686,-0.0250622146,-0.137307405,0.715562403,-0.411462933,0.0039899298,-0.332782686,0.0250622146,0.137307405,0.715562403,-0.411462933,-0.0039899298,0,0,0,0,0,0,0,0,0,0,0,0
0.319999993,0,0.850000024,0,0,0,1,-0.332782686,-0.0250622146,-0.137307405,0.715562403,-0.411462933,0.0039899298,-0.332782686,0.0250622146,0.137307405,0.715562403,-0.411462933,-0.0039899298,0,0,0,0,0,0,0,0,0,0,0,0
0.319999993,0,0.850000024,0,0,0,1,-0.332782686,-0.0250622146,-0.137307405,0.715562403,-0.411462933,0.0039899298,-0.332782686,0.0250622146,0.137307405,0.715562403,-0.411462933,-0.0039899298,0,0,0,0,0,0,0,0,0,0,0,0
0.319999993,0,0.850000024,0,0,0,1,-0.332782686,-0.0250622146,-0.137307405,0.715562403,-0.411462933,0.0039899298,-0.332782686,0.0250622146,0.137307405,0.715562403,-0.411462933,-0.0039899298,0,0,0,0,0,0,0,0,0,0,0,0
0.319999993,0,0.850000024,0,0,0,1,-0.332782686,-0.0250622146,-0.137307405,0.715562403,-0.411462933,0.0039899298,-0.332782686,0.0250622146,0.137307405,0.715562403,-0.411462933,-0.0039899298,0,0,0,0,0,0,0,0,0,0,0,0
0.319999993,0,0.850000024,0,0,0,1,-0.332782686,-0.0250622146,-0.137307405,0.715562403,-0.411462933,0.0039899298,-0.332782686,0.0250622146,0.137307405,0.715562403,-0.411462933,-0.0039899298,0,0,0,0,0,0,0,0,0,0,0,0
0.319999993,0,0.850000024,0,0,0,1,-0.332782686,-0.0250622146,-0.137307405,0.715562403,-0.411462933,0.0039899298,-0.332782686,0.0250622146,0.137307405,0.715562403,-0.411462933,-0.0039899298,0,0,0,0,0,0,0,0,0,0,0,0
0.319999993,0,0.850000024,0,0,0,1,-0.332782686,-0.0250622146,-0.137307405,0.715562403,-0.411462933,0.0039899298,-0.332782686,0.0250622146,0.137307405,0.715562403,-0.411462933,-0.0039899298,0,0,0,0,0,0,0,0,0,0,0,0
0.319999993,0,0.850000024,0,0,0,1,-0.332782686,-0.0250622146,-0.137307405,0.715562403,-0.411462933,0.0039899298,-0.332782686,0.0250622146,0.137307405,0.715562403,-0.411462933,-0.0039899298,0,0,0,0,0,0,0,0,0,0,0,0
0.319999993,0,0.850000024,0,0,0,1,-0.332782686,-0.0250622146,-0.137307405,0.715562403,-0.411462933,0.0039899298,-0.332782686,0.0250622146,0.137307405,0.715562403,-0.411462933,-0.0039899298,0,0,0,0,0,0,0,0,0,0,0,0
0.319999993,0,0.850000024,0,0,0,1,-0.332782686,-0.0250622146,-0.137307405,0.715562403,-0.411462933,0.0039899298,-0.332782686,0.0250622146,0.137307405,0.715562403,-0.411462933,-0.0039899298,0,0,0,0,0,0,0,0,0,0,0,0
0.319999993,0,0.850000024,0,0,0,1,-0.332782686,-0.0250622146,-0.137307405,0.715562403,-0.411462933,0.0039899298,-0.332782686,0.0250622146,0.137307405,0.715562403,-0.411462933,-0.0039899298,0,0,0,0,0,0,0,0,0,0,0,0
0.319999993,0,0.850000024,0,0,0,1,-0.332782686,-0.0250622146,-0.137307405,0.715562403,-0.411462933,0.0039899298,-0.332782686,0.0250622146,0.137307405,0.715562403,-0.411462933,-0.0039899298,0,0,0,0,0,0,0,0,0,0,0,0
0.319999993,0,0.850000024,0,0,0,1,-0.332782686,-0.0250622146,-0.137307405,0.715562403,-0.411462933,0.0039899298,-0.332782686,0.0250622146,0.137307405,0.715562403,-0.411462933,-0.0039899298,0,0,0,0,0,0,0,0,0,0,0,0
0.319999993,0,0.850000024,0,0,0,1,-0.332782686,-0.0250622146,-0.137307405,0.715562403,-0.411462933,0.0039899298,-0.332782686,0.0250622146,0.137307405,0.715562403,-0.411462933,-0.0039899298,0,0,0,0,0,0,0,0,0,0,0,0
0.319999993,0,0.850000024,0,0,0,1,-0.332782686,-0.0250622146,-0.137307405,0.715562403,-0.411462933,0.0039899298,-0.332782686,0.0250622146,0.137307405,0.715562403,-0.411462933,-0.0039899298,0,0,0,0,0,0,0,0,0,0,0,0
0.319999993,0,0.850000024,0,0,0,1,-0.332782686,-0.0250622146,-0.137307405,0.715562403,-0.411462933,0.0039899298,-0.332782686,0.0250622146,0.137307405,0.715562403,-0.411462933,-0.0039899298,0,0,0,0,0,0,0,0,0,0,0,0
0.319999993,0,0.850000024,0,0,0,1,-0.332782686,-0.0250622146,-0.137307405,0.715562403,-0.411462933,0.0039899298,-0.332782686,0.0250622146,0.137307405,0.715562403,-0.411462933,-0.0039899298,0,0,0,0,0,0,0,0,0,0,0,0
0.319999993,0,0.850000024,0,0,0,1,-0.332782686,-0.0250622146,-0.137307405,0.715562403,-0.411462933,0.0039899298,-0.332782686,0.0250622146,0.137307405,0.715562403,-0.411462933,-0.0039899298,0,0,0,0,0,0,0,0,0,0,0,0
0.319999993,0,0.850000024,0,0,0,1,-0.332782686,-0.0250622146,-0.137307405,0.715562403,-0.411462933,0.0039899298,-0.332782686,0.0250622146,0.137307405,0.715562403,-0.411462933,-0.0039899298,0,0,0,0,0,0,0,0,0,0,0,0
0.319999993,0,0.850000024,0,0,0,1,-0.332782686,-0.0250622146,-0.137307405,0.715562403,-0.411462933,0.0039899298,-0.332782686,0.0250622146,0.137307405,0.715562403,-0.411462933,-0.0039899298,0,0,0,0,0,0,0,0,0,0,0,0
0.319999993,0,0.850000024,0,0,0,1,-0.332782686,-0.0250622146,-0.137307405,0.715562403,-0.411462933,0.0039899298,-0.332782686,0.0250622146,0.137307405,0.715562403,-0.411462933,-0.0039899298,0,0,0,0,0,0,0,0,0,0,0,0
0.319999993,0,0.850000024,0,0,0,1,-0.332782686,-0.0250622146,-0.137307405,0.715562403,-0.411462933,0.0039899298,-0.332782686,0.0250622146,0.137307405,0.715562403,-0.411462933,-0.0039899298,0,0,0,0,0,0,0,0,0,0,0,0
0.319999993,0,0.850000024,0,0,0,1,-0.332782686,-0.0250622146,-0.137307405,0.715562403,-0.411462933,0.0039899298,-0.332782686,0.0250622146,0.137307405,0.715562403,-0.411462933,-0.0039899298,0,0,0,0,0,0,0,0,0,0,0,0
0.319999993,0,0.850000024,0,0,0,1,-0.33168754,-0.0249118675,-0.136873335,0.713703394,-0.410619199,0.00398029666,-0.332873851,0.0250629447,0.137347206,0.715652227,-0.411469907,-0.0039787204,0,0,0,0,0,0,0,0,0,0,0,0
0.319999993,0,0.850000024,0,0,0,1,-0.330247611,-0.0246868171,-0.136312619,0.711255312,-0.409514129,0.00396558642,-0.33300364,0.0250638369,0.137403786,0.715780735,-0.411480367,-0.00396283297,0,0,0,0,0,0,0,0,0,0,0,0
0.319999993,0,0.850000024,0,0,0,1,-0.333542764,-0.0250647627,-0.137648493,0.716848135,-0.412075579,0.00398961036,-0.33276251,0.0250614174,0.137298301,0.715544939,-0.411463797,-0.00399271166,0,0,0,0,0,0,0,0,0,0,0,0
0.32021594,-6.74792027e-05,0.850067496,0,0,0,1,-0.347889155,-0.0270273499,-0.143347219,0.741222084,-0.423157752,0.00411624135,-0.331584424,0.0250515901,0.136783838,0.714385509,-0.411375314,-0.00413774466,0,0,0,0,0,0,0,0,0,0,0,0
0.320845932,-0.000264351518,0.85026437,0,0,0,1,-0.377997309,-0.0315501243,-0.155149266,0.792388022,-0.446303397,0.00440892717,-0.328935474,0.0250319932,0.135628253,0.711769104,-0.411166996,-0.00446267566,0,0,0,0,0,0,0,0,0,0,0,0
0.321863264,-0.000582268985,0.850582242,0,0,0,1,-0.424811989,-0.0392760746,-0.173202291,0.871932924,-0.482046753,0.0049097077,-0.324491769,0.0250040852,0.133692056,0.707361102,-0.410798937,-0.00500540808,0,0,0,0,0,0,0,0,0,0,0,0
0.323241234,-0.00101288361,0.851012886,0,0,0,1,-0.484044522,-0.0501824133,-0.195509478,0.972490013,-0.526773572,0.00561825791,-0.318307489,0.024974728,0.131002009,0.701190412,-0.410250902,-0.00575620262,0,0,0,0,0,0,0,0,0,0,0,0
0.324953109,-0.00154784764,0.851547837,0,0,0,1,-0.550176799,-0.0639315397,-0.219586745,1.08449244,-0.575823426,0.00651467126,-0.310563713,0.0249537304,0.127641261,0.693403125,-0.409504712,-0.00668872381,0,0,0,0,0,0,0,0,0,0,0,0
0.326972187,-0.00217881287,0.852178812,0,0,0,1,-0.619941175,-0.0802410021,-0.243900999,1.20206082,-0.626200438,0.00758407079,-0.301340491,0.0249514002,0.123649605,0.684039712,-0.408528656,-0.00778831262,0,0,0,0,0,0,0,0,0,0,0,0
0.329271793,-0.00289743161,0.852897406,0,0,0,1,-0.691096425,-0.0987524688,-0.267403632,1.32090974,-0.675627708,0.00880684424,-0.290712327,0.0249789227,0.119065046,0.673130453,-0.407285839,-0.00904033426,0,0,0,0,0,0,0,0,0,0,0,0
0.331825137,-0.00369535573,0.853695333,0,0,0,1,-0.762125909,-0.119058408,-0.28941381,1.43783534,-0.722311378,0.0101574212,-0.278748959,0.0250480194,0.113924026,0.660696745,-0.405735195,-0.0104301926,0,0,0,0,0,0,0,0,0,0,0,0
0.334605575,-0.00456423732,0.85456425,0,0,0,1,-0.831987798,-0.140724361,-0.309517741,1.55031765,-0.764764905,0.0116021475,-0.265515774,0.0251706447,0.108261481,0.646752059,-0.403832048,-0.011943345,0,0,0,0,0,0,0,0,0,0,0,0
0.337586343,-0.00549572846,0.855495751,0,0,0,1,-0.899939895,-0.163303167,-0.327497393,1.65627825,-0.801717222,0.0130961109,-0.251073897,0.0253587123,0.102110848,0.631303072,-0.401528865,-0.0135653112,0,0,0,0,0,0,0,0,0,0,0,0
0.34074074,-0.00648148125,0.856481493,0,0,0,1,-0.965314865,-0.186301365,-0.343270421,1.75390732,-0.832458019,0.0145722479,-0.235480443,0.0256238636,0.0955040008,0.614349723,-0.398775399,-0.0152816828,0,0,0,0,0,0,0,0,0,0,0,0
0.344042063,-0.00751314778,0.85751313,0,0,0,1,-1.02797019,-0.20940128,-0.35692054,1.84180999,-0.854654849,0.0159767475,-0.218788147,0.025977267,0.088471137,0.595885277,-0.395518988,-0.0170781352,0,0,0,0,0,0,0,0,0,0,0,0
0.347463608,-0.0085823806,0.858582377,0,0,0,1,-1.08718252,-0.232041016,-0.368549079,1.91858029,-0.868424058,0.0171944164,-0.201045111,0.0264294557,0.0810404941,0.575896025,-0.39170444,-0.0189404264,0,0,0,0,0,0,0,0,0,0,0,0
0.350978643,-0.00968082994,0.859680831,0,0,0,1,-1.14204526,-0.253589094,-0.378331393,1.98300481,-0.872659981,0.0180809423,-0.182294056,0.02699022,0.0732380226,0.554360032,-0.387273759,-0.0208544135,0,0,0,0,0,0,0,0,0,0,0,0
0.354560494,-0.0108001502,0.860800147,0,0,0,1,-1.1917423,-0.273474991,-0.386520892,2.03419209,-0.872659981,0.0184953045,-0.162571117,0.0276685357,0.0650868788,0.531245708,-0.382165313,-0.0228060409,0,0,0,0,0,0,0,0,0,0,0,0
0.358182371,-0.0119319921,0.86193198,0,0,0,1,-1.23531091,-0.291099578,-0.393407464,2.07152128,-0.864229977,0.0182977505,-0.14190428,0.0284725875,0.0566066541,0.506508946,-0.376312643,-0.0247813668,0,0,0,0,0,0,0,0,0,0,0,0
0.361817628,-0.0130680082,0.863067985,0,0,0,1,-1.27172446,-0.305871397,-0.399288863,2.09468412,-0.849447072,0.0173741654,-0.120310679,0.0294098482,0.0478123538,0.480088502,-0.369642377,-0.0267665498,0,0,0,0,0,0,0,0,0,0,0,0
0.365439504,-0.0141998501,0.864199877,0,0,0,1,-1.30045938,-0.317436397,-0.404480517,2.10388756,-0.828011394,0.0156931598,-0.0977926925,0.0304873176,0.0387127735,0.451899558,-0.362071216,-0.0287478752,0,0,0,0,0,0,0,0,0,0,0,0
0.369021356,-0.0153191695,0.865319192,0,0,0,1,-1.32064247,-0.325327158,-0.409150988,2.09947228,-0.801887989,0.013253185,-0.0743318573,0.0317119211,0.0293081403,0.421822727,-0.353500634,-0.0307117607,0,0,0,0,0,0,0,0,0,0,0,0
0.372536391,-0.0164176188,0.866417646,0,0,0,1,-1.33182251,-0.329268336,-0.413380355,2.0821712,-0.772823691,0.0101302527,-0.049879387,0.0330912024,0.0195864867,0.389687628,-0.343809158,-0.0326447971,0,0,0,0,0,0,0,0,0,0,0,0
0.375957936,-0.0174868517,0.867486835,0,0,0,1,-1.33423412,-0.329291224,-0.417155176,2.05314112,-0.741589487,0.00648091082,-0.024342563,0.0346343629,0.00951844174,0.355248779,-0.33284086,-0.0345337912,0,0,0,0,0,0,0,0,0,0,0,0
0.379259259,-0.0185185187,0.868518531,0,0,0,1,-1.32852697,-0.325627983,-0.420367241,2.01383495,-0.708954751,0.00249620271,0.0024237691,0.0363529027,-0.000945994339,0.318170577,-0.320398182,-0.0363657884,0,0,0,0,0,0,0,0,0,0,0,0
0.382413656,-0.0195042714,0.869504273,0,0,0,1,-1.31574488,-0.318712294,-0.422861278,1.96598315,-0.675518155,-0.00162476674,0.0304408129,0.0382474661,-0.0118114017,0.278338969,-0.306390166,-0.0381273888,0,0,0,0,0,0,0,0,0,0,0,0
0.385394454,-0.0204357617,0.870435774,0,0,0,1,-1.29721498,-0.309139162,-0.424487412,1.91155803,-0.641791999,-0.00570057705,0.0617860593,0.0404179171,-0.0238641892,0.232058197,-0.289299697,-0.0398233198,0,0,0,0,0,0,0,0,0,0,0,0
0.388174862,-0.0213046446,0.871304631,0,0,0,1,-1.27443933,-0.297618061,-0.425149709,1.8527447,-0.608293355,-0.00958296098,0.104810342,0.043586053,-0.0402096026,0.16440326,-0.261531234,-0.0414571539,0,0,0,0,0,0,0,0,0,0,0,0
0.390728205,-0.0221025683,0.872102559,0,0,0,1,-1.24901068,-0.284925669,-0.424841583,1.79191375,-0.575616956,-0.0131613566,0.148206547,0.0470958538,-0.0565717407,0.0951037705,-0.231414214,-0.0429327004,0,0,0,0,0,0,0,0,0,0,0,0
0.393027812,-0.022821188,0.872821212,0,0,0,1,-1.22255433,-0.271863759,-0.423663974,1.73158717,-0.544476986,-0.0163593031,0.183199227,0.0503353328,-0.0696621612,0.0395473875,-0.205870599,-0.0441845022,0,0,0,0,0,0,0,0,0,0,0,0
0.39504689,-0.0234521516,0.873452127,0,0,0,1,-1.1966846,-0.259221554,-0.421825081,1.67438793,-0.515713394,-0.0191266239,0.204282239,0.0528117158,-0.0774481967,0.00746078975,-0.189733729,-0.045181565,0,0,0,0,0,0,0,0,0,0,0,0
0.396758765,-0.0239871163,0.873987138,0,0,0,1,-1.17296171,-0.247741446,-0.419621974,1.62295544,-0.490264118,-0.0214307755,0.21021542,0.0542471036,-0.0795174018,0.00113093026,-0.184842631,-0.0459313281,0,0,0,0,0,0,0,0,0,0,0,0
0.398136735,-0.0244177319,0.874417722,0,0,0,1,-1.15283072,-0.238085747,-0.417404771,1.57982004,-0.469105721,-0.0232495125,0.207222193,0.0548404716,-0.0782661512,0.00973424967,-0.187280893,-0.0464914255,0,0,0,0,0,0,0,0,0,0,0,0
0.399154067,-0.0247356482,0.874735653,0,0,0,1,-1.13800108,-0.231010839,-0.415607989,1.54800487,-0.453442514,-0.0245487876,0.208448023,0.0554726981,-0.0786494985,0.00984142907,-0.185597196,-0.0468667522,0,0,0,0,0,0,0,0,0,0,0,0
0.399784058,-0.0249325205,0.874932528,0,0,0,1,-1.12912869,-0.226790622,-0.414470941,1.52883029,-0.443915963,-0.0253211167,0.218285009,0.0563983247,-0.082275033,-0.00620699115,-0.177163512,-0.0471242592,0,0,0,0,0,0,0,0,0,0,0,0
0.400000006,-0.0250000004,0.875,0,0,0,1,-1.12461817,-0.224692538,-0.413794726,1.51984966,-0.439816445,-0.0256300308,0.216536909,0.0560415164,-0.081596911,-0.0017390314,-0.183059871,-0.0474324785,0,0,0,0,0,0,0,0,0,0,0,0
0.400404871,-0.0249325205,0.875337422,0,0,0,1,-1.12166297,-0.223450422,-0.413121521,1.51649845,-0.439608425,-0.0255798232,0.182538345,0.0540850461,-0.0687846616,0.0600323305,-0.218878031,-0.0477763452,0,0,0,0,0,0,0,0,0,0,0,0
0.401586115,-0.0247356482,0.876321733,0,0,0,1,-1.11732876,-0.221751586,-0.411938071,1.51386034,-0.441530913,-0.0252833199,0.113554977,0.0515642837,-0.0427610278,0.184260711,-0.285188049,-0.048219502,0,0,0,0,0,0,0,0,0,0,0,0
0.403493613,-0.0244177319,0.877911329,0,0,0,1,-1.10962701,-0.218715414,-0.409884512,1.50845885,-0.444238037,-0.0248273388,0.0178406462,0.0499913469,-0.00666740676,0.356564671,-0.373240292,-0.0488202609,0,0,0,0,0,0,0,0,0,0,0,0
0.406077296,-0.0239871163,0.880064428,0,0,0,1,-1.09851158,-0.214337856,-0.406944335,1.49996352,-0.44743669,-0.0242357478,-0.0870114341,0.0509101599,0.0327431038,0.545708299,-0.466212392,-0.049569875,0,0,0,0,0,0,0,0,0,0,0,0
0.409287095,-0.0234521516,0.882739246,0,0,0,1,-1.08464491,-0.208939835,-0.403223425,1.48922038,-0.451244652,-0.0235069785,-0.174401224,0.0556692332,0.0653004795,0.704832196,-0.542993784,-0.0505800769,0,0,0,0,0,0,0,0,0,0,0,0
0.413072884,-0.022821188,0.88589406,0,0,0,1,-1.06820619,-0.20263198,-0.398736775,1.47627759,-0.455498099,-0.0226559546,-0.2499955,0.0627401397,0.0928789079,0.844515741,-0.612071276,-0.0519344471,0,0,0,0,0,0,0,0,0,0,0,0
0.417384595,-0.0221025683,0.889487147,0,0,0,1,-1.04937077,-0.195527419,-0.393496811,1.46117485,-0.460026413,-0.0216974914,-0.321123719,0.0713060722,0.118153989,0.977282465,-0.677978277,-0.0534907654,0,0,0,0,0,0,0,0,0,0,0,0
0.422172129,-0.0213046446,0.893476784,0,0,0,1,-1.02831173,-0.187740758,-0.387514919,1.44394815,-0.464656979,-0.020646086,-0.386524558,0.0808579922,0.140693814,1.10095978,-0.741490602,-0.0551456586,0,0,0,0,0,0,0,0,0,0,0,0
0.42738542,-0.0204357617,0.897821188,0,0,0,1,-1.00520015,-0.179387048,-0.380803466,1.42463374,-0.469219208,-0.0195157286,-0.446677506,0.091033332,0.160717532,1.21516907,-0.799012423,-0.0568564497,0,0,0,0,0,0,0,0,0,0,0,0
0.432974368,-0.0195042714,0.902478635,0,0,0,1,-0.980206251,-0.17058064,-0.373376966,1.40327191,-0.473548293,-0.0183197875,-0.503287673,0.101765797,0.178822726,1.32019889,-0.841997862,-0.0586423427,0,0,0,0,0,0,0,0,0,0,0,0
0.438888878,-0.0185185187,0.907407403,0,0,0,1,-0.953499854,-0.161434099,-0.365253627,1.37990952,-0.477488577,-0.0170709286,-0.556969821,0.112811141,0.195313379,1.41550934,-0.867241263,-0.0604128428,0,0,0,0,0,0,0,0,0,0,0,0
0.44507888,-0.0174868517,0.912565768,0,0,0,1,-0.925250769,-0.152057081,-0.356456339,1.35460353,-0.480896384,-0.0157810897,-0.60730356,0.123735435,0.210243717,1.49989223,-0.872659981,-0.0619830266,0,0,0,0,0,0,0,0,0,0,0,0
0.451494277,-0.0164176188,0.917911887,0,0,0,1,-0.895629585,-0.142555311,-0.347013772,1.32742226,-0.483642638,-0.0144614801,-0.652910948,0.133916616,0.223454222,1.57163727,-0.872659981,-0.0630935133,0,0,0,0,0,0,0,0,0,0,0,0
0.458084971,-0.0153191695,0.923404157,0,0,0,1,-0.864808142,-0.133029521,-0.336960912,1.29844797,-0.485614747,-0.0131226173,-0.691561103,0.142559379,0.234598741,1.62869465,-0.872659981,-0.063436605,0,0,0,0,0,0,0,0,0,0,0,0
0.464800894,-0.0141998501,0.929000735,0,0,0,1,-0.832960904,-0.123574629,-0.32634002,1.26777899,-0.486718446,-0.0117743881,-0.722175241,0.149113208,0.243704602,1.67004693,-0.872659981,-0.0628319681,0,0,0,0,0,0,0,0,0,0,0,0
0.471591949,-0.0130680082,0.934659958,0,0,0,1,-0.800265491,-0.114278942,-0.315200984,1.23553157,-0.486879408,-0.0104261106,-0.744993746,0.153382599,0.251104772,1.69570887,-0.872659981,-0.0612482093,0,0,0,0,0,0,0,0,0,0,0,0
0.478408039,-0.0119319921,0.940340042,0,0,0,1,-0.766904593,-0.105223507,-0.30360195,1.20184207,-0.486044198,-0.00908662658,-0.759768605,0.155151278,0.25687784,1.70553315,-0.872659981,-0.0586796068,0,0,0,0,0,0,0,0,0,0,0,0
0.485199094,-0.0108001502,0.945999265,0,0,0,1,-0.733067513,-0.0964817107,-0.291609824,1.16687036,-0.484181821,-0.00776438462,-0.766314685,0.154291257,0.260994256,1.69958436,-0.872659981,-0.0551950671,0,0,0,0,0,0,0,0,0,0,0,0
0.491915017,-0.00968082994,0.951595843,0,0,0,1,-0.698952854,-0.0881188735,-0.279300898,1.13080239,-0.481284559,-0.00646753004,-0.764200628,0.15067701,0.263229698,1.67795682,-0.872659981,-0.0509110317,0,0,0,0,0,0,0,0,0,0,0,0
0.498505712,-0.0085823806,0.957088113,0,0,0,1,-0.66477108,-0.0801920891,-0.266761571,1.09385478,-0.477369636,-0.00520399818,-0.753751874,0.144468516,0.263431817,1.64134169,-0.872659981,-0.046038758,0,0,0,0,0,0,0,0,0,0,0,0
0.504921138,-0.00751314778,0.962434232,0,0,0,1,-0.630748391,-0.0727501288,-0.254089147,1.05628002,-0.472480595,-0.00398159726,-0.737129569,0.136396483,0.26189366,1.59171951,-0.869723976,-0.0409164317,0,0,0,0,0,0,0,0,0,0,0,0
0.51111114,-0.00648148125,0.967592597,0,0,0,1,-0.597130716,-0.0658335239,-0.241393194,1.01837254,-0.466689527,-0.00280809612,-0.71582377,0.127049267,0.258742452,1.53091657,-0.849202275,-0.0358212516,0,0,0,0,0,0,0,0,0,0,0,0
0.51702565,-0.00549572846,0.972521365,0,0,0,1,-0.564189136,-0.0594746657,-0.228796735,0.980476558,-0.460099459,-0.00169130124,-0.690570056,0.116833232,0.253941119,1.46053267,-0.813046932,-0.030945519,0,0,0,0,0,0,0,0,0,0,0,0
0.522614598,-0.00456423732,0.977178812,0,0,0,1,-0.53222537,-0.0536981039,-0.216438085,0.942995071,-0.452847332,-0.00063913007,-0.661302269,0.105945848,0.247285202,1.38188207,-0.764119565,-0.0263857469,0,0,0,0,0,0,0,0,0,0,0,0
0.527827859,-0.00369535573,0.981523216,0,0,0,1,-0.501578331,-0.0485208705,-0.204472661,0.906399071,-0.445107371,0.000340324361,-0.627142012,0.0943612829,0.238395497,1.2959559,-0.710163295,-0.0221430231,0,0,0,0,0,0,0,0,0,0,0,0
0.532615423,-0.00289743161,0.985512853,0,0,0,1,-0.472630113,-0.0439530499,-0.193074837,0.871237636,-0.437094212,0.00123873889,-0.587987721,0.0822587535,0.227131918,1.20433855,-0.657147169,-0.018230211,0,0,0,0,0,0,0,0,0,0,0,0
0.536927104,-0.00217881287,0.98910594,0,0,0,1,-0.44581157,-0.0399985351,-0.182439461,0.838145554,-0.429065287,0.0020475199,-0.545675635,0.0703050941,0.213970453,1.11000061,-0.604060471,-0.0147393458,0,0,0,0,0,0,0,0,0,0,0,0
0.540712893,-0.00154784764,0.992260754,0,0,0,1,-0.421604723,-0.0366561599,-0.172782108,0.807846665,-0.421320766,0.00275778165,-0.501938641,0.0590355173,0.199493617,1.01622772,-0.552483022,-0.0117118265,0,0,0,0,0,0,0,0,0,0,0,0
0.543922722,-0.00101288361,0.994935572,0,0,0,1,-0.400540113,-0.0339213386,-0.164337382,0.781147838,-0.414199263,0.00336035131,-0.459060937,0.0489713028,0.184586689,0.92715168,-0.504381239,-0.0091790827,0,0,0,0,0,0,0,0,0,0,0,0
0.546506405,-0.000582268985,0.997088671,0,0,0,1,-0.383186162,-0.0317884497,-0.157353729,0.758918762,-0.408066392,0.00384580204,-0.419531286,0.0405178592,0.17030409,0.846897423,-0.461588234,-0.007157546,0,0,0,0,0,0,0,0,0,0,0,0
0.548413873,-0.000264351518,0.998678267,0,0,0,1,-0.370503902,-0.0302877706,-0.152238965,0.7424981,-0.403392911,0.00418593641,-0.388083786,0.0342968516,0.158637643,0.784794867,-0.429104686,-0.00572654372,0,0,0,0,0,0,0,0,0,0,0,0
0.549595118,-6.74792027e-05,0.999662578,0,0,0,1,-0.362880975,-0.0294084791,-0.149160877,0.732532501,-0.40048182,0.00438067364,-0.36807549,0.0305549987,0.151088491,0.746281564,-0.409359664,-0.00489112036,0,0,0,0,0,0,0,0,0,0,0,0
0.550000012,0,1,0,0,0,1,-0.359123141,-0.0290142503,-0.147631764,0.727749884,-0.399169832,0.00450400868,-0.363370389,0.0295507684,0.14934884,0.736949801,-0.404459804,-0.00457848515,0,0,0,0,0,0,0,0,0,0,0,0
0.550269902,6.74792027e-05,1.000054,0,0,0,1,-0.357155144,-0.0289052445,-0.14679873,0.725766063,-0.398988932,0.00466604903,-0.376468301,0.031500183,0.154481575,0.759712756,-0.415031761,-0.00467182836,0,0,0,0,0,0,0,0,0,0,0,0
0.551057398,0.000264351518,1.00021148,0,0,0,1,-0.354767412,-0.028880449,-0.145753175,0.723969221,-0.399364352,0.00497545302,-0.407318711,0.0365317017,0.166403323,0.813119054,-0.439602733,-0.00504536601,0,0,0,0,0,0,0,0,0,0,0,0
0.552329063,0.000582268985,1.00046587,0,0,0,1,-0.350399226,-0.0288016833,-0.14385505,0.720464408,-0.399839371,0.00550230686,-0.453137249,0.0446349941,0.183816135,0.891364336,-0.474790156,-0.00560172973,0,0,0,0,0,0,0,0,0,0,0,0
0.554051518,0.00101288361,1.00081027,0,0,0,1,-0.343943179,-0.0286612008,-0.141065001,0.715051472,-0.400313407,0.00624145241,-0.510944843,0.0559205003,0.205244094,0.990192056,-0.518883109,-0.0063571264,0,0,0,0,0,0,0,0,0,0,0,0
0.556191385,0.00154784764,1.00123823,0,0,0,1,-0.335857958,-0.0285036173,-0.137577772,0.708198309,-0.400832444,0.00715996092,-0.57566309,0.0700474679,0.228394747,1.10066724,-0.567465127,-0.00730578974,0,0,0,0,0,0,0,0,0,0,0,0
0.558715224,0.00217881287,1.00174308,0,0,0,1,-0.32622692,-0.0283424221,-0.133433893,0.699926853,-0.401342481,0.00824369118,-0.644064307,0.0866944045,0.251769215,1.21697891,-0.617590129,-0.00842969399,0,0,0,0,0,0,0,0,0,0,0,0
0.561589718,0.00289743161,1.00231791,0,0,0,1,-0.315128416,-0.0281921513,-0.128672361,0.690249503,-0.401784539,0.00947855692,-0.713893592,0.10547258,0.274332523,1.33482695,-0.666996479,-0.00970643014,0,0,0,0,0,0,0,0,0,0,0,0
0.564781427,0.00369535573,1.00295627,0,0,0,1,-0.302636713,-0.0280680172,-0.123330832,0.679170787,-0.402095765,0.0108505283,-0.783600986,0.12594977,0.295411766,1.4509691,-0.713899791,-0.0111075845,0,0,0,0,0,0,0,0,0,0,0,0
0.568256974,0.00456423732,1.00365138,0,0,0,1,-0.288822711,-0.0279855784,-0.117445976,0.666689038,-0.402210504,0.0123456363,-0.85210669,0.147670612,0.314601302,1.56284904,-0.756828249,-0.0125962254,0,0,0,0,0,0,0,0,0,0,0,0
0.57198292,0.00549572846,1.00439656,0,0,0,1,-0.273754478,-0.0279604197,-0.111053519,0.652797818,-0.402061105,0.0139499698,-0.918630421,0.170170292,0.331694007,1.66836143,-0.794532835,-0.0141234575,0,0,0,0,0,0,0,0,0,0,0,0
0.575925946,0.00648148125,1.00518513,0,0,0,1,-0.257497668,-0.0280078538,-0.104188442,0.637486756,-0.401578695,0.0156496726,-0.982492507,0.192950591,0.346624732,1.76568949,-0.826242626,-0.015618979,0,0,0,0,0,0,0,0,0,0,0,0
0.580052614,0.00751314778,1.00601053,0,0,0,1,-0.240115672,-0.0281426441,-0.0968849137,0.620742381,-0.400693536,0.0174309462,-1.04338741,0.215630636,0.359478503,1.85337985,-0.850189984,-0.017014036,0,0,0,0,0,0,0,0,0,0,0,0
0.584329545,0.0085823806,1.00686586,0,0,0,1,-0.221669778,-0.0283787586,-0.0891762823,0.60254848,-0.399335623,0.0192800295,-1.10084713,0.237760231,0.370402902,1.93013036,-0.865470886,-0.0182082113,0,0,0,0,0,0,0,0,0,0,0,0
0.588723302,0.00968082994,1.00774467,0,0,0,1,-0.202218965,-0.0287291426,-0.0810949504,0.582886338,-0.397434831,0.0211832039,-1.15379965,0.258649588,0.379579395,1.99467981,-0.872659981,-0.0190402512,0,0,0,0,0,0,0,0,0,0,0,0
0.593200624,0.0108001502,1.00864017,0,0,0,1,-0.181819603,-0.0292055234,-0.0726721287,0.561734319,-0.394920826,0.0231267773,-1.20145774,0.27775377,0.387276888,2.04615283,-0.872659981,-0.0193676688,0,0,0,0,0,0,0,0,0,0,0,0
0.597727954,0.0119319921,1.00954556,0,0,0,1,-0.160524905,-0.0298182778,-0.0639375299,0.539067447,-0.391723096,0.0250970796,-1.24291289,0.294511467,0.393792629,2.08394432,-0.868157864,-0.0190526061,0,0,0,0,0,0,0,0,0,0,0,0
0.602272034,0.0130680082,1.01045442,0,0,0,1,-0.138384014,-0.0305763185,-0.0549189299,0.514855802,-0.387770206,0.0270804465,-1.27721226,0.308377594,0.399420679,2.10775828,-0.856285512,-0.0179864857,0,0,0,0,0,0,0,0,0,0,0,0
0.606799424,0.0141998501,1.01135993,0,0,0,1,-0.115440577,-0.03148707,-0.0456414931,0.489062518,-0.38298893,0.0290632211,-1.30381894,0.31900686,0.404448032,2.11776495,-0.838319182,-0.0161396787,0,0,0,0,0,0,0,0,0,0,0,0
0.611276686,0.0153191695,1.01225531,0,0,0,1,-0.0917307958,-0.0325565189,-0.0361269079,0.461640269,-0.377302647,0.0310317501,-1.32220972,0.326087087,0.409045637,2.114398,-0.815081656,-0.013540661,0,0,0,0,0,0,0,0,0,0,0,0
0.615670502,0.0164176188,1.01313412,0,0,0,1,-0.0672801509,-0.0337893963,-0.0263920687,0.432525903,-0.370628804,0.0329723768,-1.33180678,0.329298168,0.413249582,2.09830546,-0.788959682,-0.0102609349,0,0,0,0,0,0,0,0,0,0,0,0
0.619947433,0.0174868517,1.01398945,0,0,0,1,-0.0420986004,-0.0351895168,-0.0164471157,0.401631922,-0.362874746,0.0348714665,-1.33292413,0.328710318,0.417023629,2.07063508,-0.760508895,-0.00646841247,0,0,0,0,0,0,0,0,0,0,0,0
0.624074101,0.0185185187,1.01481485,0,0,0,1,-0.016172938,-0.0367603898,-0.00629250519,0.368833095,-0.353931427,0.0367154144,-1.32622778,0.324567258,0.420240372,2.03281498,-0.730453134,-0.00236004824,0,0,0,0,0,0,0,0,0,0,0,0
0.628017068,0.0195042714,1.01560342,0,0,0,1,0.0105439723,-0.0385061242,0.00408512959,0.333947212,-0.343664169,0.0384907015,-1.31275475,0.317304075,0.422734052,1.98655069,-0.69937098,0.00186196086,0,0,0,0,0,0,0,0,0,0,0,0
0.631743073,0.0204357617,1.0163486,0,0,0,1,0.0381377488,-0.0404318236,0.0147147719,0.296727121,-0.331908733,0.0401838906,-1.29380858,0.30750975,0.424352348,1.93379092,-0.66777432,0.00601566071,0,0,0,0,0,0,0,0,0,0,0,0
0.635218561,0.0213046446,1.01704371,0,0,0,1,0.0665512383,-0.0425283872,0.025574008,0.257181674,-0.3186239,0.0417807661,-1.27085757,0.295881569,0.425002903,1.87669623,-0.636191905,0.00995423086,0,0,0,0,0,0,0,0,0,0,0,0
0.63841027,0.0221025683,1.01768208,0,0,0,1,0.0980069712,-0.0449321195,0.0374950916,0.211325958,-0.302102089,0.043287091,-1.24545419,0.283179522,0.424685836,1.81760859,-0.605234325,0.0135698747,0,0,0,0,0,0,0,0,0,0,0,0
0.641284764,0.022821188,1.0182569,0,0,0,1,0.138734907,-0.0482497104,0.0527654253,0.147947818,-0.276525021,0.0447022542,-1.21917856,0.270184994,0.423508614,1.75901318,-0.575628519,0.0167896189,0,0,0,0,0,0,0,0,0,0,0,0
0.643808603,0.0234521516,1.01876175,0,0,0,1,0.178637698,-0.0517622493,0.0676216707,0.0847159848,-0.249501467,0.0459325612,-1.19359684,0.257663697,0.42168346,1.70348299,-0.548219025,0.01956705,0,0,0,0,0,0,0,0,0,0,0,0
0.64594847,0.0239871163,1.01918972,0,0,0,1,0.210034803,-0.0548307076,0.0792283565,0.0351312533,-0.22722666,0.0469164103,-1.17021739,0.246332631,0.419507325,1.65359271,-0.523936987,0.0218733419,0,0,0,0,0,0,0,0,0,0,0,0
0.647670925,0.0244177319,1.01953423,0,0,0,1,0.228333101,-0.0569751486,0.0859176368,0.00731995516,-0.213839084,0.0476268455,-1.1504308,0.23682794,0.417325467,1.61179364,-0.503739893,0.0236897096,0,0,0,0,0,0,0,0,0,0,0,0
0.64894259,0.0247356482,1.0197885,0,0,0,1,0.232756138,-0.0579387322,0.0874624774,0.00250601652,-0.209876388,0.0480170697,-1.13587642,0.229873613,0.415561616,1.58100021,-0.488799661,0.0249858648,0,0,0,0,0,0,0,0,0,0,0,0
0.649730086,0.0249325205,1.01994598,0,0,0,1,0.242797092,-0.058839377,0.0911380053,-0.0133359907,-0.202454448,0.0483203158,-1.12717569,0.225728244,0.414447308,1.56246257,-0.479724258,0.0257560462,0,0,0,0,0,0,0,0,0,0,0,0
0.649999976,0.0250000004,1.01999998,0,0,0,1,0.233181357,-0.0580455996,0.0875305012,0.0050491821,-0.213719174,0.0485370904,-1.12278259,0.223682448,0.413787752,1.55377316,-0.475788832,0.0260614753,0,0,0,0,0,0,0,0,0,0,0,0
0.650350869,0.0249325205,1.02032387,0,0,0,1,0.189136714,-0.0554912537,0.0710201561,0.0842116997,-0.255111396,0.0487012342,-1.11998785,0.222514391,0.413137525,1.55047894,-0.475463986,0.0260019824,0,0,0,0,0,0,0,0,0,0,0,0
0.651374638,0.0247356482,1.02126884,0,0,0,1,0.11177972,-0.0523732752,0.0419594422,0.222691804,-0.324971676,0.0489353091,-1.11596203,0.220958397,0.411999136,1.54780149,-0.477013022,0.0256857444,0,0,0,0,0,0,0,0,0,0,0,0
0.653027773,0.0244177319,1.02279484,0,0,0,1,0.0118559171,-0.0503299646,0.0043965769,0.401861787,-0.413438499,0.0493570715,-1.10878944,0.218164891,0.410025805,1.54237485,-0.479123503,0.0251966268,0,0,0,0,0,0,0,0,0,0,0,0
0.655267,0.0239871163,1.02486181,0,0,0,1,-0.0911742002,-0.0510420129,-0.0342496,0.58728677,-0.503061116,0.0500189885,-1.09842551,0.214127615,0.40720579,1.53389776,-0.481531382,0.0245589651,0,0,0,0,0,0,0,0,0,0,0,0
0.658048809,0.0234521516,1.0274297,0,0,0,1,-0.169162333,-0.0560266152,-0.0632730722,0.729445517,-0.572448492,0.0511055365,-1.0855093,0.209152892,0.403647065,1.52321386,-0.484380037,0.023772886,0,0,0,0,0,0,0,0,0,0,0,0
0.661329806,0.022821188,1.03045833,0,0,0,1,-0.24473533,-0.0628495812,-0.0908350646,0.868445814,-0.640870214,0.052475322,-1.07021582,0.203344464,0.399370492,1.51039338,-0.487535536,0.0228542257,0,0,0,0,0,0,0,0,0,0,0,0
0.665066659,0.0221025683,1.03390765,0,0,0,1,-0.315793723,-0.0712875053,-0.116082132,1.00027657,-0.705996573,0.0540672429,-1.05271685,0.196807995,0.394394934,1.49549961,-0.490858644,0.021818772,0,0,0,0,0,0,0,0,0,0,0,0
0.669215858,0.0213046446,1.03773773,0,0,0,1,-0.381085902,-0.0807082132,-0.13860856,1.12328088,-0.771016479,0.0557427406,-1.03318191,0.189649925,0.388738722,1.47859287,-0.494208843,0.0206820667,0,0,0,0,0,0,0,0,0,0,0,0
0.673734009,0.0204357617,1.04190838,0,0,0,1,-0.442869872,-0.0911334231,-0.15913184,1.23818457,-0.824103892,0.0576005057,-1.01177883,0.181976348,0.382421017,1.45973372,-0.497447968,0.0194592196,0,0,0,0,0,0,0,0,0,0,0,0
0.678577781,0.0195042714,1.04637945,0,0,0,1,-0.50229609,-0.102417514,-0.178045511,1.34479809,-0.859220326,0.0596171878,-0.988674283,0.173891976,0.375463068,1.43898582,-0.500443339,0.0181647893,0,0,0,0,0,0,0,0,0,0,0,0
0.683703721,0.0185185187,1.0511111,0,0,0,1,-0.559425712,-0.11422234,-0.195464134,1.4421351,-0.872659981,0.0616597682,-0.964033961,0.165499076,0.367889285,1.41641891,-0.503070891,0.0168126915,0,0,0,0,0,0,0,0,0,0,0,0
0.689068377,0.0174868517,1.05606306,0,0,0,1,-0.613281012,-0.126005843,-0.211267725,1.5285728,-0.872659981,0.0634996593,-0.938023329,0.156896517,0.359728009,1.39211059,-0.505217195,0.01541615,0,0,0,0,0,0,0,0,0,0,0,0
0.694628358,0.0164176188,1.06119537,0,0,0,1,-0.661916137,-0.137023464,-0.225138009,1.6020149,-0.872659981,0.0648317188,-0.910808265,0.148178965,0.35101229,1.36614835,-0.506781936,0.0139876893,0,0,0,0,0,0,0,0,0,0,0,0
0.700340331,0.0153191695,1.066468,0,0,0,1,-0.70259732,-0.146358252,-0.236610487,1.66010487,-0.872659981,0.0653063282,-0.882555485,0.139436066,0.341780603,1.33863199,-0.507679403,0.012539139,0,0,0,0,0,0,0,0,0,0,0,0
0.706160784,0.0141998501,1.07184076,0,0,0,1,-0.736008823,-0.153801098,-0.246261522,1.70302379,-0.872659981,0.0648730099,-0.853433669,0.130751789,0.332077205,1.30967534,-0.507840216,0.0110816648,0,0,0,0,0,0,0,0,0,0,0,0
0.712046385,0.0130680082,1.07727361,0,0,0,1,-0.761827409,-0.159033179,-0.254280627,1.73042309,-0.872659981,0.0634465516,-0.823614597,0.122203961,0.32195282,1.27940786,-0.507212222,0.00962582417,0,0,0,0,0,0,0,0,0,0,0,0
0.717953622,0.0119319921,1.08272648,0,0,0,1,-0.779747486,-0.161808923,-0.260763407,1.74214482,-0.872659981,0.061009489,-0.793274403,0.113863841,0.311464965,1.24797738,-0.505761981,0.00818161946,0,0,0,0,0,0,0,0,0,0,0,0
0.723839223,0.0108001502,1.08815932,0,0,0,1,-0.789527595,-0.161966756,-0.265699238,1.73825192,-0.872659981,0.0576214641,-0.762595177,0.105795875,0.300678313,1.21555197,-0.503475368,0.00675856881,0,0,0,0,0,0,0,0,0,0,0,0
0.729659677,0.00968082994,1.09353197,0,0,0,1,-0.790979803,-0.159425169,-0.268960983,1.71902025,-0.872659981,0.0534115583,-0.731767297,0.0980575532,0.289665401,1.18232346,-0.500358701,0.00536577869,0,0,0,0,0,0,0,0,0,0,0,0
0.735371649,0.0085823806,1.09880459,0,0,0,1,-0.783366084,-0.154014751,-0.270148844,1.68457603,-0.872659981,0.0485233888,-0.700991392,0.090699397,0.278507024,1.14851046,-0.496439755,0.00401201984,0,0,0,0,0,0,0,0,0,0,0,0
0.74093163,0.00751314778,1.10393691,0,0,0,1,-0.769195497,-0.146555066,-0.269622982,1.6370945,-0.872659981,0.04332624,-0.670481503,0.0837650299,0.267292976,1.11436212,-0.491768897,0.00270580151,0,0,0,0,0,0,0,0,0,0,0,0
0.746296287,0.00648148125,1.10888886,0,0,0,1,-0.750284016,-0.137714952,-0.267575651,1.57860279,-0.858192205,0.0381270498,-0.640468121,0.0772913471,0.256122798,1.08016312,-0.486420304,0.00145544822,0,0,0,0,0,0,0,0,0,0,0,0
0.751422226,0.00549572846,1.11362052,0,0,0,1,-0.727677703,-0.127973169,-0.26403895,1.51091754,-0.825910747,0.0331455357,-0.611201406,0.0713088214,0.245106727,1.04623795,-0.480493337,0.00026917021,0,0,0,0,0,0,0,0,0,0,0,0
0.756265938,0.00456423732,1.1180917,0,0,0,1,-0.701612532,-0.117590815,-0.258887887,1.43559265,-0.779136479,0.0285018217,-0.582955241,0.0658418611,0.234366506,1.01295686,-0.47411412,-0.000844865979,0,0,0,0,0,0,0,0,0,0,0,0
0.760784149,0.00369535573,1.12226224,0,0,0,1,-0.6715101,-0.106595688,-0.251838118,1.35388827,-0.724491715,0.0242160819,-0.556030393,0.060909275,0.224036425,0.980740547,-0.467436671,-0.00187847391,0,0,0,0,0,0,0,0,0,0,0,0
0.764933348,0.00289743161,1.12609231,0,0,0,1,-0.636266708,-0.0948518738,-0.242508128,1.26691794,-0.67265594,0.0202345308,-0.530757725,0.0565249436,0.214263812,0.950064123,-0.460643739,-0.0028233896,0,0,0,0,0,0,0,0,0,0,0,0
0.768670201,0.00217881287,1.12954175,0,0,0,1,-0.598113358,-0.083130762,-0.231450319,1.17792511,-0.621284008,0.0166762061,-0.507499576,0.0526986197,0.20520924,0.9214589,-0.453946382,-0.00367122213,0,0,0,0,0,0,0,0,0,0,0,0
0.771951199,0.00154784764,1.13257039,0,0,0,1,-0.558820009,-0.0719835982,-0.219233185,1.09024072,-0.571950972,0.0135865994,-0.486649543,0.0494370311,0.197045758,0.895510256,-0.447581649,-0.00441341614,0,0,0,0,0,0,0,0,0,0,0,0
0.774733007,0.00101288361,1.13513815,0,0,0,1,-0.520609438,-0.0619538389,-0.206683785,1.00788295,-0.526544452,0.0110002933,-0.468628198,0.0467452891,0.18995665,0.872849345,-0.441807359,-0.00504122535,0,0,0,0,0,0,0,0,0,0,0,0
0.776972175,0.000582268985,1.13720512,0,0,0,1,-0.486170471,-0.0535468161,-0.194891274,0.935598373,-0.487300694,0.00894612912,-0.453874439,0.0446287245,0.184131369,0.854136765,-0.436892867,-0.00554570276,0,0,0,0,0,0,0,0,0,0,0,0
0.778625369,0.000264351518,1.13873112,0,0,0,1,-0.45918411,-0.0473413132,-0.185377613,0.879964709,-0.457401961,0.00748219574,-0.44314459,0.0431412272,0.179881781,0.840462208,-0.433238238,-0.00591184804,0,0,0,0,0,0,0,0,0,0,0,0
0.779649079,6.74792027e-05,1.13967609,0,0,0,1,-0.442090958,-0.0435951501,-0.179227203,0.845154285,-0.438818395,0.00661750557,-0.436718911,0.0422748588,0.177330628,0.832252324,-0.431022257,-0.00613245554,0,0,0,0,0,0,0,0,0,0,0,0
0.779999971,0,1.13999999,0,0,0,1,-0.433838278,-0.041870974,-0.176205009,0.828632593,-0.430099547,0.00623012427,-0.433573008,0.0418450385,0.176085681,0.828140914,-0.429845512,-0.00622434961,0,0,0,0,0,0,0,0,0,0,0,0
0.780057371,0,1.14014339,0,0,0,1,-0.431070328,-0.0413400531,-0.175166145,0.823546529,-0.427616447,0.00612843968,-0.431964099,0.0415790677,0.175468624,0.825771451,-0.428984731,-0.00621890463,0,0,0,0,0,0,0,0,0,0,0,0
0.780224621,0,1.14056158,0,0,0,1,-0.429668725,-0.0411068276,-0.174626067,0.821711004,-0.427092969,0.00611449126,-0.430049121,0.0412044302,0.174757525,0.822645485,-0.427664429,-0.00615140563,0,0,0,0,0,0,0,0,0,0,0,0
0.780494392,0,1.14123595,0,0,0,1,-0.426529139,-0.0405379161,-0.173440427,0.81700623,-0.425339639,0.00604921021,-0.426529169,0.0405379273,0.173440441,0.81700629,-0.425339669,-0.00604921393,0,0,0,0,0,0,0,0,0,0,0,0
0.780859351,0,1.14214849,0,0,0,1,-0.421312064,-0.0395771675,-0.171476185,0.808742046,-0.421981633,0.00591871934,-0.421312064,0.0395771675,0.171476185,0.808742046,-0.421981633,-0.00591871934,0,0,0,0,0,0,0,0,0,0,0,0
0.781312227,0,1.14328063,0,0,0,1,-0.414773315,-0.0383890122,-0.169006169,0.798374593,-0.417757601,0.00575740077,-0.414773315,0.0383890122,0.169006169,0.798374593,-0.417757601,-0.00575740077,0,0,0,0,0,0,0,0,0,0,0,0
0.781845689,0,1.14461422,0,0,0,1,-0.406974524,-0.036995247,-0.166048527,0.785995483,-0.412697464,0.00556823006,-0.406974524,0.036995247,0.166048527,0.785995483,-0.412697464,-0.00556823006,0,0,0,0,0,0,0,0,0,0,0,0
0.782452404,0,1.14613104,0,0,0,1,-0.397971392,-0.035417892,-0.162618652,0.771685898,-0.406826138,0.00535418699,-0.397971392,0.035417892,0.162618652,0.771685898,-0.406826138,-0.00535418699,0,0,0,0,0,0,0,0,0,0,0,0
0.783124983,0,1.14781249,0,0,0,1,-0.387814075,-0.033679124,-0.158729598,0.75551784,-0.400164187,0.00511823734,-0.387814075,0.033679124,0.158729598,0.75551784,-0.400164187,-0.00511823734,0,0,0,0,0,0,0,0,0,0,0,0
0.783856213,0,1.14964056,0,0,0,1,-0.376547873,-0.0318012014,-0.154392451,0.737554908,-0.392728269,0.00486331619,-0.376547873,0.0318012014,0.154392451,0.737554908,-0.392728269,-0.00486331619,0,0,0,0,0,0,0,0,0,0,0,0
0.784638643,0,1.15159667,0,0,0,1,-0.364213318,-0.0298064128,-0.14961648,0.717852771,-0.384531587,0.0045923125,-0.364213318,0.0298064128,0.14961648,0.717852771,-0.384531587,-0.0045923125,0,0,0,0,0,0,0,0,0,0,0,0
0.785465062,0,1.15366268,0,0,0,1,-0.35084638,-0.0277170185,-0.144409344,0.696459413,-0.375583798,0.0043080519,-0.35084638,0.0277170185,0.144409344,0.696459413,-0.375583798,-0.0043080519,0,0,0,0,0,0,0,0,0,0,0,0
0.786328137,0,1.15582037,0,0,0,1,-0.336478531,-0.0255552083,-0.138777182,0.673415065,-0.365891367,0.0040132897,-0.336478531,0.0255552083,0.138777182,0.673415065,-0.365891367,-0.0040132897,0,0,0,0,0,0,0,0,0,0,0,0
0.787220478,0,1.15805113,0,0,0,1,-0.321136296,-0.0233430695,-0.132724568,0.648751855,-0.355457187,0.00371069857,-0.321136296,0.0233430695,0.132724568,0.648751855,-0.355457187,-0.00371069857,0,0,0,0,0,0,0,0,0,0,0,0
0.788134754,0,1.16033697,0,0,0,1,-0.304841101,-0.0211025514,-0.126254439,0.622493029,-0.344280452,0.0034028613,-0.304841101,0.0211025514,0.126254439,0.622493029,-0.344280452,-0.0034028613,0,0,0,0,0,0,0,0,0,0,0,0
0.789063692,0,1.16265929,0,0,0,1,-0.287608415,-0.0188554619,-0.119367845,0.59465152,-0.332355827,0.00309226499,-0.287608415,0.0188554619,0.119367845,0.59465152,-0.332355827,-0.00309226499,0,0,0,0,0,0,0,0,0,0,0,0
0.790000021,0,1.16499996,0,0,0,1,-0.269446552,-0.0166234635,-0.11206346,0.565228105,-0.319672763,0.00278129545,-0.269446552,0.0166234635,0.11206346,0.565228105,-0.319672763,-0.00278129545,0,0,0,0,0,0,0,0,0,0,0,0
0.790936291,0,1.16734076,0,0,0,1,-0.250354946,-0.0144280782,-0.104336925,0.534208059,-0.306213766,0.00247223349,-0.250354946,0.0144280782,0.104336925,0.534208059,-0.306213766,-0.00247223349,0,0,0,0,0,0,0,0,0,0,0,0
0.79186523,0,1.16966307,0,0,0,1,-0.230321288,-0.0122907432,-0.0961796567,0.501556337,-0.291952103,0.00216724887,-0.230321288,0.0122907432,0.0961796567,0.501556337,-0.291952103,-0.00216724887,0,0,0,0,0,0,0,0,0,0,0,0
0.792779565,0,1.17194891,0,0,0,1,-0.209317148,-0.0102328816,-0.0875770301,0.467209667,-0.276848227,0.00186839548,-0.209317148,0.0102328816,0.0875770301,0.467209667,-0.276848227,-0.00186839548,0,0,0,0,0,0,0,0,0,0,0,0
0.793671846,0,1.17417967,0,0,0,1,-0.187291011,-0.00827604532,-0.0785054788,0.431064814,-0.260844022,0.00157760212,-0.187291011,0.00827604532,0.0785054788,0.431064814,-0.260844022,-0.00157760212,0,0,0,0,0,0,0,0,0,0,0,0
0.794534922,0,1.17633724,0,0,0,1,-0.164157733,-0.00644213986,-0.0689279959,0.392959982,-0.243853897,0.001296659,-0.164157733,0.00644213986,0.0689279959,0.392959982,-0.243853897,-0.001296659,0,0,0,0,0,0,0,0,0,0,0,0
0.79536134,0,1.17840338,0,0,0,1,-0.139785334,-0.00475371443,-0.0587886348,0.352651924,-0.225754067,0.00102720107,-0.139785334,0.00475371443,0.0587886348,0.352651924,-0.225754067,-0.00102720107,0,0,0,0,0,0,0,0,0,0,0,0
0.79614377,0,1.18035948,0,0,0,1,-0.114017352,-0.00323341577,-0.0480218828,0.309854746,-0.206400901,0.000770746381,-0.114017352,0.00323341577,0.0480218828,0.309854746,-0.206400901,-0.000770746381,0,0,0,0,0,0,0,0,0,0,0,0
0.796875,0,1.18218756,0,0,0,1,-0.0880981684,-0.00186851993,-0.0371544659,0.266704679,-0.186815217,0.000530732854,-0.0880981758,0.00186851993,0.0371544659,0.266704679,-0.186815217,-0.000530732912,0,0,0,0,0,0,0,0,0,0,0,0
0.797547579,0,1.183869,0,0,0,1,-0.0490622073,-0.000879561703,-0.0207077693,0.200847045,-0.156764492,0.000282163994,-0.0490622036,0.00087956182,0.0207077675,0.200847045,-0.156764492,-0.000282163994,0,0,0,0,0,0,0,0,0,0,0,0
0.798154294,0,1.1853857,0,0,0,1,-0.00497448444,-0.000380220619,-0.00210069446,0.126007706,-0.121577248,5.82972352e-05,-0.00497446908,0.000380220939,0.00210068794,0.126007676,-0.121577233,-5.82972534e-05,0,0,0,0,0,0,0,0,0,0,0,0
0.798687756,0,1.18671942,0,0,0,1,0.0337003171,-0.000279245782,0.0142333433,0.0601545274,-0.0892278254,-0.000114189876,0.0337003209,0.000279245753,-0.0142333442,0.0601545237,-0.089227818,0.000114189977,0,0,0,0,0,0,0,0,0,0,0,0
0.799140632,0,1.18785155,0,0,0,1,0.0596611761,-0.000411773945,0.0251992475,0.0158844851,-0.065748401,-0.000223580762,0.0596611574,0.000411773333,-0.0251992382,0.0158845242,-0.0657484159,0.000223580821,0,0,0,0,0,0,0,0,0,0,0,0
0.799505591,0,1.1887641,0,0,0,1,0.0694298968,-0.000575060432,0.0293213651,-0.000725560414,-0.0545984283,-0.000272669044,0.0694298968,0.000575060316,-0.0293213651,-0.000725556456,-0.054598432,0.000272669073,0,0,0,0,0,0,0,0,0,0,0,0
0.799775362,0,1.18943846,0,0,0,1,0.0648839995,-0.000586195034,0.0273933336,0.00721735507,-0.055361744,-0.000279071537,0.0648838729,0.000586192065,-0.0273932796,0.0072175758,-0.055361852,0.000279071566,0,0,0,0,0,0,0,0,0,0,0,0
0.799942613,0,1.18985653,0,0,0,1,0.0637804344,-0.000560160144,0.0269237794,0.00922400132,-0.0548120476,-0.000290131458,0.0637803152,0.00056015735,-0.026923731,0.00922420528,-0.0548121445,0.000290131749,0,0,0,0,0,0,0,0,0,0,0,0
0.800000012,0,1.19000006,0,0,0,1,0.0638003573,-0.000558786793,0.0269306488,0.0092350943,-0.0541536584,-0.000295955193,0.0638002753,0.000558784814,-0.0269306153,0.00923523493,-0.0541537292,0.000295955746,0,0,0,0,0,0,0,0,0,0,0,0
0.800000012,0,1.19000006,0,0,0,1,0.0638003573,-0.000558786793,0.0269306488,0.0092350943,-0.0541536584,-0.000295955193,0.0638002753,0.000558784814,-0.0269306153,0.00923523493,-0.0541537292,0.000295955746,0,0,0,0,0,0,0,0,0,0,0,0
0.800000012,0,1.19000006,0,0,0,1,0.0638003573,-0.000558786793,0.0269306488,0.0092350943,-0.0541536584,-0.000295955193,0.0638002753,0.000558784814,-0.0269306153,0.00923523493,-0.0541537292,0.000295955746,0,0,0,0,0,0,0,0,0,0,0,0
0.800000012,0,1.19000006,0,0,0,1,0.0638003573,-0.000558786793,0.0269306488,0.0092350943,-0.0541536584,-0.000295955193,0.0638002753,0.000558784814,-0.0269306153,0.00923523493,-0.0541537292,0.000295955746,0,0,0,0,0,0,0,0,0,0,0,0
0.800000012,0,1.19000006,0,0,0,1,0.0638003573,-0.000558786793,0.0269306488,0.0092350943,-0.0541536584,-0.000295955193,0.0638002753,0.000558784814,-0.0269306153,0.00923523493,-0.0541537292,0.000295955746,0,0,0,0,0,0,0,0,0,0,0,0
0.800000012,0,1.19000006,0,0,0,1,0.0638003573,-0.000558786793,0.0269306488,0.0092350943,-0.0541536584,-0.000295955193,0.0638002753,0.000558784814,-0.0269306153,0.00923523493,-0.0541537292,0.000295955746,0,0,0,0,0,0,0,0,0,0,0,0
0.800000012,0,1.19000006,0,0,0,1,0.0638003573,-0.000558786793,0.0269306488,0.0092350943,-0.0541536584,-0.000295955193,0.0638002753,0.000558784814,-0.0269306153,0.00923523493,-0.0541537292,0.000295955746,0,0,0,0,0,0,0,0,0,0,0,0
0.800000012,0,1.19000006,0,0,0,1,0.0638003573,-0.000558786793,0.0269306488,0.0092350943,-0.0541536584,-0.000295955193,0.0638002753,0.000558784814,-0.0269306153,0.00923523493,-0.0541537292,0.000295955746,0,0,0,0,0,0,0,0,0,0,0,0
0.800000012,0,1.19000006,0,0,0,1,0.0638003573,-0.000558786793,0.0269306488,0.0092350943,-0.0541536584,-0.000295955193,0.0638002753,0.000558784814,-0.0269306153,0.00923523493,-0.0541537292,0.000295955746,0,0,0,0,0,0,0,0,0,0,0,0
0.800000012,0,1.19000006,0,0,0,1,0.0638003573,-0.000558786793,0.0269306488,0.0092350943,-0.0541536584,-0.000295955193,0.0638002753,0.000558784814,-0.0269306153,0.00923523493,-0.0541537292,0.000295955746,0,0,0,0,0,0,0,0,0,0,0,0
0.800000012,0,1.19000006,0,0,0,1,0.0638003573,-0.000558786793,0.0269306488,0.0092350943,-0.0541536584,-0.000295955193,0.0638002753,0.000558784814,-0.0269306153,0.00923523493,-0.0541537292,0.000295955746,0,0,0,0,0,0,0,0,0,0,0,0
0.800000012,0,1.19000006,0,0,0,1,0.0638003573,-0.000558786793,0.0269306488,0.0092350943,-0.0541536584,-0.000295955193,0.0638002753,0.000558784814,-0.0269306153,0.00923523493,-0.0541537292,0.000295955746,0,0,0,0,0,0,0,0,0,0,0,0
0.800000012,0,1.19000006,0,0,0,1,0.0638003573,-0.000558786793,0.0269306488,0.0092350943,-0.0541536584,-0.000295955193,0.0638002753,0.000558784814,-0.0269306153,0.00923523493,-0.0541537292,0.000295955746,0,0,0,0,0,0,0,0,0,0,0,0
0.800000012,0,1.19000006,0,0,0,1,0.0638003573,-0.000558786793,0.0269306488,0.0092350943,-0.0541536584,-0.000295955193,0.0638002753,0.000558784814,-0.0269306153,0.00923523493,-0.0541537292,0.000295955746,0,0,0,0,0,0,0,0,0,0,0,0
0.800000012,0,1.19000006,0,0,0,1,0.0638003573,-0.000558786793,0.0269306488,0.0092350943,-0.0541536584,-0.000295955193,0.0638002753,0.000558784814,-0.0269306153,0.00923523493,-0.0541537292,0.000295955746,0,0,0,0,0,0,0,0,0,0,0,0
0.800000012,0,1.19000006,0,0,0,1,0.0638003573,-0.000558786793,0.0269306488,0.0092350943,-0.0541536584,-0.000295955193,0.0638002753,0.000558784814,-0.0269306153,0.00923523493,-0.0541537292,0.000295955746,0,0,0,0,0,0,0,0,0,0,0,0
0.800000012,0,1.19000006,0,0,0,1,0.0638003573,-0.000558786793,0.0269306488,0.0092350943,-0.0541536584,-0.000295955193,0.0638002753,0.000558784814,-0.0269306153,0.00923523493,-0.0541537292,0.000295955746,0,0,0,0,0,0,0,0,0,0,0,0
0.800000012,0,1.19000006,0,0,0,1,0.0638003573,-0.000558786793,0.0269306488,0.0092350943,-0.0541536584,-0.000295955193,0.0638002753,0.000558784814,-0.0269306153,0.00923523493,-0.0541537292,0.000295955746,0,0,0,0,0,0,0,0,0,0,0,0
0.800000012,0,1.19000006,0,0,0,1,0.0638003573,-0.000558786793,0.0269306488,0.0092350943,-0.0541536584,-0.000295955193,0.0638002753,0.000558784814,-0.0269306153,0.00923523493,-0.0541537292,0.000295955746,0,0,0,0,0,0,0,0,0,0,0,0
0.800000012,0,1.19000006,0,0,0,1,0.0638003573,-0.000558786793,0.0269306488,0.0092350943,-0.0541536584,-0.000295955193,0.0638002753,0.000558784814,-0.0269306153,0.00923523493,-0.0541537292,0.000295955746,0,0,0,0,0,0,0,0,0,0,0,0
0.800000012,0,1.19000006,0,0,0,1,0.0638003573,-0.000558786793,0.0269306488,0.0092350943,-0.0541536584,-0.000295955193,0.0638002753,0.000558784814,-0.0269306153,0.00923523493,-0.0541537292,0.000295955746,0,0,0,0,0,0,0,0,0,0,0,0
0.800000012,0,1.19000006,0,0,0,1,0.0638003573,-0.000558786793,0.0269306488,0.0092350943,-0.0541536584,-0.000295955193,0.0638002753,0.000558784814,-0.0269306153,0.00923523493,-0.0541537292,0.000295955746,0,0,0,0,0,0,0,0,0,0,0,0
0.800000012,0,1.19000006,0,0,0,1,0.0638003573,-0.000558786793,0.0269306488,0.0092350943,-0.0541536584,-0.000295955193,0.0638002753,0.000558784814,-0.0269306153,0.00923523493,-0.0541537292,0.000295955746,0,0,0,0,0,0,0,0,0,0,0,0
0.800000012,0,1.19000006,0,0,0,1,0.0638003573,-0.000558786793,0.0269306488,0.0092350943,-0.0541536584,-0.000295955193,0.0638002753,0.000558784814,-0.0269306153,0.00923523493,-0.0541537292,0.000295955746,0,0,0,0,0,0,0,0,0,0,0,0
0.800000012,0,1.19000006,0,0,0,1,0.0638003573,-0.000558786793,0.0269306488,0.0092350943,-0.0541536584,-0.000295955193,0.0638002753,0.000558784814,-0.0269306153,0.00923523493,-0.0541537292,0.000295955746,0,0,0,0,0,0,0,0,0,0,0,0
0.800000012,0,1.19000006,0,0,0,1,0.0638003573,-0.000558786793,0.0269306488,0.0092350943,-0.0541536584,-0.000295955193,0.0638002753,0.000558784814,-0.0269306153,0.00923523493,-0.0541537292,0.000295955746,0,0,0,0,0,0,0,0,0,0,0,0
0.800000012,0,1.19000006,0,0,0,1,0.0638003573,-0.000558786793,0.0269306488,0.0092350943,-0.0541536584,-0.000295955193,0.0638002753,0.000558784814,-0.0269306153,0.00923523493,-0.0541537292,0.000295955746,0,0,0,0,0,0,0,0,0,0,0,0
0.800000012,0,1.19000006,0,0,0,1,0.0638003573,-0.000558786793,0.0269306488,0.0092350943,-0.0541536584,-0.000295955193,0.0638002753,0.000558784814,-0.0269306153,0.00923523493,-0.0541537292,0.000295955746,0,0,0,0,0,0,0,0,0,0,0,0
0.800000012,0,1.19000006,0,0,0,1,0.0638003573,-0.000558786793,0.0269306488,0.0092350943,-0.0541536584,-0.000295955193,0.0638002753,0.000558784814,-0.0269306153,0.00923523493,-0.0541537292,0.000295955746,0,0,0,0,0,0,0,0,0,0,0,0
0.800000012,0,1.19000006,0,0,0,1,0.0638003573,-0.000558786793,0.0269306488,0.0092350943,-0.0541536584,-0.000295955193,0.0638002753,0.000558784814,-0.0269306153,0.00923523493,-0.0541537292,0.000295955746,0,0,0,0,0,0,0,0,0,0,0,0
0.800000012,0,1.19000006,0,0,0,1,0.0638003573,-0.000558786793,0.0269306488,0.0092350943,-0.0541536584,-0.000295955193,0.0638002753,0.000558784814,-0.0269306153,0.00923523493,-0.0541537292,0.000295955746,0,0,0,0,0,0,0,0,0,0,0,0
